{
    "T11": [
        [
            1.0,
            0.0,
            0.0,
            0.0
        ],
        [
            0.0,
            1.0,
            0.0,
            0.0
        ],
        [
            0.0,
            0.0,
            1.0,
            0.0
        ],
        [
            0.0,
            0.0,
            0.0,
            1.0
        ]
    ],
    "T12": [
        [
            -1.7509726553772467,
            -0.1716449749915201,
            -0.34672480730504773,
            -2.9492339240409677
        ],
        [
            1.9026917951035394,
            0.8299194550490461,
            0.4829565376318996,
            1.131038559425381
        ],
        [
            0.3989086669300761,
            -0.11901253889073793,
            1.0217544295443477,
            0.32352617062630884
        ],
        [
            0.0,
            0.0,
            0.0,
            1.0
        ]
    ],
    "T21": [
        [
            -0.8295510146019218,
            -0.1984831621067773,
            -0.187684211972309,
            -2.1613271298607657
        ],
        [
            1.6046123239847097,
            1.5123759176452731,
            -0.17034713324270723,
            3.0769333773219687
        ],
        [
            0.5107725113860013,
            0.2536503330216351,
            1.0321417588099142,
            0.8855744400173649
        ],
        [
            0.0,
            0.0,
            0.0,
            1.0
        ]
    ],
    "T22": [
        [
            1.0,
            0.0,
            0.0,
            0.0
        ],
        [
            0.0,
            1.0,
            0.0,
            0.0
        ],
        [
            0.0,
            0.0,
            1.0,
            0.0
        ],
        [
            0.0,
            0.0,
            0.0,
            1.0
        ]
    ]
}