{"T11": [[1.0, 0.0, 0.0, 0.0], [0.0, 1.0, 0.0, 0.0], [0.0, 0.0, 1.0, 0.0], [0.0, 0.0, 0.0, 1.0]], "T12": [[-1.3333020487005243, -0.977187436261957, 1.5232222990718185, -4.641497050989102], [0.13373483132653208, 1.2711003329466828, -0.08756204238997123, 1.0401654060410497], [0.9233343413415334, 0.49639029926076184, 0.38405396820163773, 1.7449970797426282], [0.0, 0.0, 0.0, 1.0]], "T13": [[-5.824804349384599, -3.0722247197583132, -5.437304331797352, -8.116968608719652], [-0.6133648761720898, -0.3235121081803341, -0.5725602609356664, -0.8547348798258048], [2.145016223110979, 1.1313636423891913, 2.0023172113805248, 2.9891183126220735], [0.0, 0.0, 0.0, 1.0]], "T14": [[-2.557846519477735, -2.069759204857476, 0.8033605560630406, -6.317791082919953], [-1.2645792211674145, -1.5176121386092625, 0.6078451474767963, -2.4830319804079934], [0.8553395443350933, 0.28078500855026967, 0.6915064325062144, 1.5004158195674542], [0.0, 0.0, 0.0, 1.0]], "T21": [[-0.23458853014274794, -0.4992414212846317, 0.8165932595231364, -1.9945011683758338], [0.058338876313841936, 0.8465544642434061, -0.038372313895212784, -0.5428173699767882], [0.48858964945039585, 0.10609270680559392, 0.6901609328324199, 0.9531046412704125], [0.0, 0.0, 0.0, 1.0]], "T22": [[1.0, 0.0, 0.0, 0.0], [0.0, 1.0, 0.0, 0.0], [0.0, 0.0, 1.0, 0.0], [0.0, 0.0, 0.0, 1.0]], "T23": [[-1.469408464671081, -0.2696802838648347, -8.39122262817237, -0.014052580590394492], [-0.15473198530254847, -0.02839793476261301, -0.8836144391365113, -0.0014797680465673119], [0.5411177450842738, 0.09931124708151969, 3.0901138629776193, 0.0051749400554810575], [0.0, 0.0, 0.0, 1.0]], "T24": [[0.8718076815525464, -0.3899502670353894, -1.4548507060307294, 0.673024711367674], [0.5051068414218243, -0.588923066212567, -0.5549016047841961, 1.442299014672768], [0.15359072085695757, -0.11595733811588527, 1.1649408605405824, 0.30110310945291197], [0.0, 0.0, 0.0, 1.0]], "T31": [[-0.0622757610331548, -0.006557776392722578, 0.02293339135705269, -1.3869010354711566], [-0.0034486943783464397, -0.00036315520203741153, 0.001270000663779608, -0.6177508373492604], [-0.09172336955178849, -0.009658675181624585, 0.03377763508018544, 0.34195767876026084], [0.0, 0.0, 0.0, 1.0]], "T32": [[-0.05331266125937323, -0.005613942015960244, 0.01963268059135026, -1.667803140426094], [-0.004680589397203255, -0.0004928764922947724, 0.0017236527767293952, 0.03952262219980497], [-0.09443997128280676, -0.009944739396730951, 0.03477803860195887, 0.2891084061144944], [0.0, 0.0, 0.0, 1.0]], "T33": [[1.0, 0.0, 0.0, 0.0], [0.0, 1.0, 0.0, 0.0], [0.0, 0.0, 1.0, 0.0], [0.0, 0.0, 0.0, 1.0]], "T34": [[0.09274286837370505, 0.009766030679106558, -0.03415307112597887, -1.2170003036091024], [0.028232808743572174, 0.0029729776659057315, -0.010396887027690475, 0.41617773593854074], [-0.11766256280193757, -0.012390130025693738, 0.04332988559343384, 0.3771552802102537], [0.0, 0.0, 0.0, 1.0]], "T41": [[-1.2294560734066877, 1.669511483222351, -0.03920128240622489, -3.563177988641492], [1.4050569143529934, -2.4747209435775854, 0.5429881708216548, 1.9173367576671154], [0.9502203435997174, -1.0601993207244318, 1.274127654388702, 1.4590635058447319], [0.0, 0.0, 0.0, 1.0]], "T42": [[1.7136291539245079, -1.4226161133793553, 1.462445586607103, 0.45817613834031334], [1.538343977036611, -2.8295135608620554, 0.5733846481433167, 2.873013209236813], [-0.0728064979278269, -0.09408394025500577, 0.7226719520023437, -0.03290102528241867], [0.0, 0.0, 0.0, 1.0]], "T43": [[-2.3219466916027947, 3.642947467685125, -8.367661695143909, -1.1860156665523809], [-0.24450616012941467, 0.38361048515804463, -0.8811334203927611, -0.1248900922363027], [0.855069633920506, -1.3415354318211965, 3.081437419865325, 0.4367567892451905], [0.0, 0.0, 0.0, 1.0]], "T44": [[1.0, 0.0, 0.0, 0.0], [0.0, 1.0, 0.0, 0.0], [0.0, 0.0, 1.0, 0.0], [0.0, 0.0, 0.0, 1.0]]}