{"C1": [-3.147728193595982, -1.270832275141303, -0.2514637539421758, 47.39257833240809], "T11": [[1.0, 0.0, 0.0, 0.0], [0.0, 1.0, 0.0, 0.0], [0.0, 0.0, 1.0, 0.0], [0.0, 0.0, 0.0, 1.0]], "T12": [[0.7438705932114855, -0.637548564854562, 0.21646471571938308, -2.7678459095517383], [-0.3963454430229381, 1.3002606667602605, 0.14098100380407103, -0.9171278719479075], [-0.08859952607311819, 0.21609616938931686, 1.0864498895111037, 0.6463284638597958], [0.0, 0.0, 0.0, 1.0]], "T13": [[0.3006217555192261, 0.20535532892911945, 0.4405519740412437, -2.8859135132142324], [-0.9481331712445096, 1.9845197223320037, 0.04260659774370379, 0.5726120849133856], [-0.015718464356928863, -0.0035244275268278002, 1.0280816587844575, 0.7249904863173402], [0.0, 0.0, 0.0, 1.0]], "T14": [[0.2902973103711982, -0.47789474451329284, 0.3444845244179193, -3.7891727424459702], [-0.9127729833689737, 2.145462591882961, 0.15729691730185782, 0.19566744076707376], [0.14775797595367401, -0.09842309474751731, 1.1063902237542327, 0.2583018297649149], [0.0, 0.0, 0.0, 1.0]], "T15": [[0.0863683107291634, -0.10907041128775319, 0.4334699374874508, -3.991162906618264], [-0.36315383504907245, 0.7120528213692592, 0.038521837107171775, 0.23456697673264593], [0.07159205531873922, -0.27473460034820385, 1.0352890224354692, 0.38839971140847296], [0.0, 0.0, 0.0, 1.0]], "T16": [[-0.45284378530265257, 1.000565550711677, 0.2523171964701858, -3.0667258792940544], [0.0966010803216848, -0.03331353084475186, -0.12003367399323212, 1.8191388608208285], [0.18784275709270803, -0.5064478541739184, 1.0775925878232515, -0.04901016433092131], [0.0, 0.0, 0.0, 1.0]], "C2": [-4.353564085014126, -1.3574049804081132, 0.3773909357385222, 43.73334068544685], "T21": [[0.5425713239417463, 0.3646355139061406, 0.03281340401945543, -0.30303458276243234], [0.2077120317373501, 0.8630748054317046, -0.10280713973789063, 0.8437958882797822], [0.16477823474342246, -0.04896172446428043, 0.8747766951951945, 0.0693151666296643], [0.0, 0.0, 0.0, 1.0]], "T22": [[1.0, 0.0, 0.0, 0.0], [0.0, 1.0, 0.0, 0.0], [0.0, 0.0, 1.0, 0.0], [0.0, 0.0, 0.0, 1.0]], "T23": [[0.4829310920909716, 0.4552224910746414, 0.27698342872167636, -1.5880824224517838], [-0.7424829834588342, 1.1233526110337753, 0.05934616943912918, -0.7056276574479554], [0.023864217813542893, -0.14080282437499603, 0.9576535297363867, 0.07177980753645863], [0.0, 0.0, 0.0, 1.0]], "T24": [[0.1732909419778491, -0.17483818636618764, 0.31906766642617224, -3.7855573259461366], [-0.7163129455471188, 1.2438350559821152, 0.1634395635395567, -1.1890559087003085], [0.17560483568805973, -0.13371005650815426, 1.0123961333021256, -0.15899882545229627], [0.0, 0.0, 0.0, 1.0]], "T25": [[-0.517588616415836, -0.35021900858702537, 0.6413992502603936, -7.204221153075476], [-0.3673710265293001, 0.3466892222862983, 0.079268799704201, -0.6956009673228167], [0.21661275248165002, -0.23729269826813515, 0.9107145689030799, 0.529091099435469], [0.0, 0.0, 0.0, 1.0]], "T26": [[-0.23854539991552265, 0.6290135042371254, 0.1942198438548135, -3.2342897845831367], [-0.320682364515283, -0.22061022528216867, 0.053591547243755366, -0.12820866232145], [0.10836727510977617, -0.46557883181527643, 1.0297922939247228, -0.8164827309789198], [0.0, 0.0, 0.0, 1.0]], "C3": [-4.203944121744846, 1.0243718705179918, 0.5204216227091292, 72.36218209643363], "T31": [[0.7625101650517161, -0.10321805922777871, -0.12807865512339367, 0.23021051047999208], [0.46008494566606073, 0.22433632568868167, -0.1467441104248537, 0.5099041141942919], [0.22604789168487224, -0.03850505114396563, 0.8542795101733534, 0.2936869138724164], [0.0, 0.0, 0.0, 1.0]], "T32": [[0.5834059925878128, -0.6716554261678205, 0.01782945567702665, -1.2222118008922465], [0.34892997646039214, 0.40285795626509247, -0.026326914635941723, -0.28949811954344895], [0.1011822968226132, 0.10173260725541097, 1.0069032002492526, 0.1745294391189609], [0.0, 0.0, 0.0, 1.0]], "T33": [[1.0, 0.0, 0.0, 0.0], [0.0, 1.0, 0.0, 0.0], [0.0, 0.0, 1.0, 0.0], [0.0, 0.0, 0.0, 1.0]], "T34": [[0.649792931172418, -0.045153352652885115, 0.02908923116768536, -1.4194427442805058], [0.1376143709800998, 1.0687827967958083, 0.06642549203279685, -0.24812605444585845], [0.1798974888328262, -0.08418957520490644, 1.014169474402636, -0.045213210783371705], [0.0, 0.0, 0.0, 1.0]], "T35": [[0.18255735505559034, 0.44710583531928627, 0.3674117025572716, -4.115169367733429], [-0.02941378470972078, 0.4408616579669835, 0.036401259079696546, -0.13111420169899368], [0.05418926466369087, -0.21023804364149123, 0.9677301027127616, 0.19139422193341737], [0.0, 0.0, 0.0, 1.0]], "T36": [[0.5982292278535892, 0.5975797945357382, -0.08168860098576536, -1.0310055253890873], [-0.41663478728654324, 0.14738861985704843, 0.1380241677370453, -0.3867359372718262], [0.006035504244387563, -0.175654739622786, 1.0498555878636724, -0.6087121572520217], [0.0, 0.0, 0.0, 1.0]], "C4": [-4.182251077063693, 0.3027511146888711, -0.3599379105388698, 74.58380637324078], "T41": [[0.2943708676771699, -0.13316602310530357, 0.1649499528801086, -1.816907411879992], [-0.008490016421129454, 0.14768181531455005, 0.06924359982117001, -1.326127093030797], [0.08916942826671703, 0.03042795718258029, 0.8435295055801504, 0.4158713332291297], [0.0, 0.0, 0.0, 1.0]], "T42": [[0.0551331378412101, -0.6861233930613868, 0.3583064677995482, -3.786290756480035], [0.003919308691882506, 0.3307496160993042, 0.09767612181314989, -1.4059909231721601], [-0.06517978057508289, 0.17743266167307636, 0.9556414947224716, 0.39504639495651794], [0.0, 0.0, 0.0, 1.0]], "T43": [[0.8775407807734457, -0.012281720217746983, 0.18104655199531638, -0.4649644240661104], [-0.06506736998699791, 0.9327045953926051, -0.09496828889462117, 0.4356837489054435], [-0.13536352574593602, 0.08272878758539078, 0.9369138511795954, 0.26648195265322183], [0.0, 0.0, 0.0, 1.0]], "T44": [[1.0, 0.0, 0.0, 0.0], [0.0, 1.0, 0.0, 0.0], [0.0, 0.0, 1.0, 0.0], [0.0, 0.0, 0.0, 1.0]], "T45": [[0.6646105599325267, 0.533946031056991, 0.13126137090530499, -1.5682572345103267], [0.0008744856081870367, 0.427439163501812, -0.034620512742683796, 0.3248783893063987], [-0.07517891298640134, -0.12642928705952838, 0.9390960347053545, 0.3137270959719105], [0.0, 0.0, 0.0, 1.0]], "T46": [[0.7095625747895902, 0.5731982532594277, -0.09963837101107442, -0.21812754817502977], [-0.43910730057690817, 0.1691085791971796, 0.054186924577801054, -0.2805659180099678], [-0.007689423741507939, -0.06317986027894362, 0.9606097479661246, 0.06507523253814895], [0.0, 0.0, 0.0, 1.0]], "C5": [-4.233418652107963, 0.4630899891599184, 0.25185131366799046, 55.88792586324428], "T51": [[0.6406164109963939, -1.2061092145625754, -0.0062349961466665604, 0.12437666463033281], [-0.1422357575224087, 0.40834657011426856, 0.14680687985686025, -2.0990504983085287], [0.07700984589165694, 0.24553782390369294, 0.935297050101908, -0.2747107348963487], [0.0, 0.0, 0.0, 1.0]], "T52": [[-0.033605299210893946, -1.450485398472221, 0.36896865158432135, -3.9170493576518695], [-0.3608927899141383, 1.1118368697416363, 0.29661464461624565, -3.4747985604979235], [0.10256557563311641, 0.6200331472521752, 1.0034433417676325, 0.2717442894325677], [0.0, 0.0, 0.0, 1.0]], "T53": [[0.30376098410711094, -0.6005756943410283, 0.39092662945287504, -2.738331499236537], [-0.25988085187646437, 2.3747506275927055, 0.06762192544301793, -1.1925664882865412], [0.09351912147073838, 0.41786453044713445, 0.9523049622264903, 0.48297907924773575], [0.0, 0.0, 0.0, 1.0]], "T54": [[0.5440755310812175, -0.8742427569762619, 0.1332411382380485, -1.5076554624775085], [-0.1818874798782668, 2.4460286426576947, 0.16804315965131716, -1.6423080033370043], [0.1903560388968868, 0.06446467751707496, 1.0220463596530562, 0.15866222994781243], [0.0, 0.0, 0.0, 1.0]], "T55": [[1.0, 0.0, 0.0, 0.0], [0.0, 1.0, 0.0, 0.0], [0.0, 0.0, 1.0, 0.0], [0.0, 0.0, 0.0, 1.0]],