{"C1": [-1.8280203430593853, -0.0047427180946963115, 0.07430985535946649, 87.87520311590177], "T11": [[1.0, 0.0, 0.0, 0.0], [0.0, 1.0, 0.0, 0.0], [0.0, 0.0, 1.0, 0.0], [0.0, 0.0, 0.0, 1.0]], "T12": [[0.9059669461786943, -0.015642244190470667, 0.051639588181398466, -0.5060247154598336], [-0.21552135543480366, 0.8404045957622648, 0.07855910809152528, -0.06394258995585522], [0.09358010764584535, -0.07224487974330351, 0.9767408915826616, 0.018554314005662542], [0.0, 0.0, 0.0, 1.0]], "T13": [[0.7783886312439972, 0.10353239546556203, -0.09299782381330968, -0.5251642213273309], [-0.07556020959817189, 0.8846193564746274, -0.045995286768112764, -0.0960637699325243], [0.13176846739505632, -0.017683155604632628, 0.9637195520413788, -0.2700958701605356], [0.0, 0.0, 0.0, 1.0]], "T14": [[0.771976649328304, 0.4732601842922206, 0.048225067308624414, -0.5997334437461248], [-0.24636920648368793, 0.8064682206755951, -0.03560237076739717, -0.28670519863704236], [0.10257360114675673, -0.036174635420374246, 0.9857083735301901, -0.08618510686315428], [0.0, 0.0, 0.0, 1.0]], "C2": [-2.1582392061307267, 0.33188674601896007, -0.07958791500103832, 84.09041568271657], "T21": [[0.8985018519633748, -0.032174937327671405, 0.01760044263413399, 0.12324079841442415], [0.2117630769858777, 1.1431092326895225, -0.07993451899836138, 0.0665480317818582], [-0.1044058184287932, 0.07969626742261093, 1.028510054438264, -0.09561603939612251], [0.0, 0.0, 0.0, 1.0]], "T22": [[1.0, 0.0, 0.0, 0.0], [0.0, 1.0, 0.0, 0.0], [0.0, 0.0, 1.0, 0.0], [0.0, 0.0, 0.0, 1.0]], "T23": [[0.8020423519968765, 0.10153148927663569, -0.11586774711508846, -0.26739553279546535], [0.17947952691889782, 1.047564707075755, -0.14076663653009389, 0.06293201371828117], [0.07259947248011661, 0.07508893503996306, 0.9732123074384449, -0.23005163845018428], [0.0, 0.0, 0.0, 1.0]], "T24": [[0.8784597765134297, 0.5381503085549169, -0.006909479516830297, -0.29281194011198997], [-0.006083381282246336, 0.9525303954290667, -0.12108945253709523, -0.18170659819497487], [-0.002435791207605398, 0.03870868980470776, 1.0126706571404276, -0.137779898658271], [0.0, 0.0, 0.0, 1.0]], "C3": [-1.9554761538491827, 0.03444842700293779, -0.439273582391114, 68.58509002805573], "T31": [[1.1977905404225795, -0.14658885131281352, 0.12285141650903664, 0.573245633218737], [0.08290073107305507, 1.0827792600208215, 0.06432077032585676, 0.14832205755939998], [-0.17843810016599515, 0.024486238551684858, 1.024139566339699, 0.17441234931990723], [0.0, 0.0, 0.0, 1.0]], "T32": [[1.173043842908501, -0.13652816297486647, 0.1470083293100361, 0.204900112009887], [-0.20302127645650303, 0.9685137910861874, 0.10887461235025311, -0.05065455445078615], [-0.05079745095738353, -0.06555756976463245, 1.0043221359141454, 0.26450941864970257], [0.0, 0.0, 0.0, 1.0]], "T33": [[1.0, 0.0, 0.0, 0.0], [0.0, 1.0, 0.0, 0.0], [0.0, 0.0, 1.0, 0.0], [0.0, 0.0, 0.0, 1.0]], "T34": [[1.005784431551675, 0.40462606024560976, 0.16653635741479286, 0.01642035788393148], [-0.2009299871901537, 0.9293097728666035, -0.017831869444932258, -0.275567863315724], [-0.04827095275598292, -0.027517977109660974, 1.018630849575931, 0.15374055275648368], [0.0, 0.0, 0.0, 1.0]], "C4": [-2.0095834049482253, 0.15719226427336186, -0.20027232365866554, 84.76600959026366], "T41": [[0.9110335745173233, -0.5729096618717664, -0.011028795861245833, 0.09062581404070791], [0.3082836082759886, 1.034967259198666, 0.028159753946140703, 0.4577296775485061], [-0.12351622208457186, 0.10994702421024227, 1.0305053851490844, 0.015192591557260826], [0.0, 0.0, 0.0, 1.0]], "T42": [[0.9008895778453034, -0.5531409646472296, 0.012939457706789614, -0.25828556484491116], [0.015884165303681863, 1.0329552853308734, 0.12127338909612428, 0.225722424252639], [-0.042489511305841554, -0.024410091675724388, 0.9983026749020049, 0.03879534219329578], [0.0, 0.0, 0.0, 1.0]], "T43": [[0.7898916735207182, -0.3582312019982372, -0.1142859302492143, -0.33470009007219303], [0.1779612523404056, 0.9866743180547248, -0.009047033814908234, 0.23516696579029284], [0.03168228398024997, 0.00802855140314751, 0.9791969730828228, -0.18076136332861337], [0.0, 0.0, 0.0, 1.0]], "T44": [[1.0, 0.0, 0.0, 0.0], [0.0, 1.0, 0.0, 0.0], [0.0, 0.0, 1.0, 0.0], [0.0, 0.0, 0.0, 1.0]]}